<TestManifest z:Id="1" z:Type="HP.ST.Fwk.DesignerModel.TestManifest" z:Assembly="HP.ST.Fwk.DesignerModel, Version=11.0.0.0, Culture=neutral, PublicKeyToken=a55d8ef45e7637d3" xmlns="http://schemas.datacontract.org/2004/07/HP.ST.Fwk.DesignerModel" xmlns:i="http://www.w3.org/2001/XMLSchema-instance" xmlns:z="http://schemas.microsoft.com/2003/10/Serialization/"><ReadOnly>false</ReadOnly><ReportTempFolderSelected>false</ReportTempFolderSelected><Version z:Id="2">14.53.3081.0</Version><Properties z:Id="3" z:Type="System.Collections.Generic.Dictionary`2[[System.String, mscorlib, Version=4.0.0.0, Culture=neutral, PublicKeyToken=b77a5c561934e089],[System.String, mscorlib, Version=4.0.0.0, Culture=neutral, PublicKeyToken=b77a5c561934e089]]" z:Assembly="0" xmlns:a="http://schemas.microsoft.com/2003/10/Serialization/Arrays"><Version z:Id="4" z:Type="System.Int32" z:Assembly="0" xmlns="">0</Version><Comparer z:Id="5" z:Type="System.Collections.Generic.GenericEqualityComparer`1[[System.String, mscorlib, Version=4.0.0.0, Culture=neutral, PublicKeyToken=b77a5c561934e089]]" z:Assembly="0" xmlns=""/><HashSize z:Id="6" z:Type="System.Int32" z:Assembly="0" xmlns="">0</HashSize></Properties><options i:nil="true"/></TestManifest>